mae	mse	rmse	r2	correlation	mean_ratio	median_ratio	valid_windows	total_windows	country	subtype	total_sequences	total_cases
0.0	0.0	0.0	1.0	1.0	0.9999999959796844	0.9999999994814814	73	121	new zealand	AH3	657.0	2124.0
0.0	0.0	0.0	1.0	1.0	0.999999997553915	0.9999999992230215	41	121	new zealand	BYAM	219.0	1907.1516379725413
0.0	0.0	0.0	1.0	1.0	0.9999999991534892	0.9999999992716739	56	121	new zealand	AH1N12009	295.0	983.0
0.0	0.0	0.0	1.0	1.0	0.9999999855824878	0.999999997393108	62	121	new zealand	BVIC	162.0	1412.8483620274587
0.0	0.0	0.0	1.0	0.9999999999999998	0.9999999994004989	0.9999999994705882	21	121	guyana	AH1N12009	61.0	160.0
							0	121	guyana	BYAM	1.0	3.0
0.0	0.0	0.0	1.0	1.0	0.9999999993453068	0.999999999241245	17	121	guyana	AH3	59.0	161.0
0.0	0.0	0.0	1.0	0.9999999999999999	0.99999997824762	0.999999991857143	12	121	guyana	BVIC	19.0	10.0
0.0	0.0	0.0	1.0	1.0	0.9999999995929726	0.9999999995	15	121	malta	AH1N12009	25.0	2559.0
							0	121	malta	BVIC	0.0	510.5
0.0	0.0	0.0	1.0	0.9999999999999998	0.9999999998017378	0.9999999998205329	14	121	malta	AH3	32.0	1690.0
0.0	0.0	0.0	1.0	1.0	0.9999999988593445	0.9999999988165007	7	121	malta	BYAM	16.0	1081.5
0.0	0.0	0.0	1.0	1.0	0.9999999996188249	0.9999999997037037	37	121	timor-leste	AH1N12009	41.0	419.0
0.0	0.0	0.0	1.0	1.0	0.9999999986509815	0.9999999992307692	60	121	timor-leste	AH3	138.0	675.0
							0	121	timor-leste	BVIC	55.0	0.0
0.0	0.0	0.0	1.0	1.0	0.9999999991377552	0.9999999991428571	7	121	timor-leste	BYAM	5.0	13.0
0.0	0.0	0.0	1.0	1.0	0.9999999965296181	0.9999999961818181	9	121	zambia	BYAM	14.0	297.5
0.0	0.0	0.0	1.0	0.9999999999999998	0.9999999991813737	0.9999999994285714	67	121	zambia	AH1N12009	218.0	717.0
0.0	0.0	0.0	1.0	0.9999999999999998	0.9999999977483364	0.9999999986666667	25	121	zambia	BVIC	155.0	344.5
0.0	0.0	0.0	1.0	0.9999999999999999	0.9999999993101025	0.9999999994465709	88	121	zambia	AH3	305.0	1076.0
							0	121	anguilla	AH3	2.0	2.0
							0	121	anguilla	BYAM	1.0	1.0
							0	121	anguilla	AH1N12009	1.0	1.0
0.0	0.0	0.0	1.0	1.0	0.9999999986561402	0.9999999989999999	19	121	trinidad and tobago	AH3	44.0	45.0
0.0	0.0	0.0	1.0	1.0	0.9999999992653532	0.9999999995	37	121	trinidad and tobago	AH1N12009	33.0	310.0
0.0	0.0	0.0	1.0	1.0	0.9999999850803248	0.9999999889600001	11	121	trinidad and tobago	BVIC	44.0	10.0
0.0	0.0	0.0	1.0	1.0	0.9999999859083337	0.9999999890000001	20	121	trinidad and tobago	BYAM	11.0	15.0
0.0	0.0	0.0	1.0	1.0	0.9999999990783284	0.9999999994545454	71	121	tunisia	AH3	166.0	1053.0
0.0	0.0	0.0	1.0	1.0	0.9999999996403096	0.9999999998085106	63	121	tunisia	AH1N12009	155.0	1502.0
0.0	0.0	0.0	1.0	1.0	0.99999999444269	0.9999999985659341	22	121	tunisia	BVIC	44.0	85.33181818181819
0.0	0.0	0.0	1.0	1.0	0.9999999983615763	0.9999999989579882	18	121	tunisia	BYAM	22.0	94.66818181818182
0.0	0.0	0.0	1.0	1.0	0.9999999991944445	0.9999999995	21	121	saint kitts and nevis	AH1N12009	10.0	11.0
0.0	0.0	0.0	1.0		0.9999999989999999	0.9999999989999999	6	121	saint kitts and nevis	BYAM	1.0	1.0
							0	121	saint kitts and nevis	BVIC	2.0	0.0
							0	121	saint kitts and nevis	AH3	1.0	1.0
							0	121	angola	AH1N12009	0.0	16.0
0.0	0.0	0.0	1.0	1.0	0.9999999990291848	0.999999999483871	67	121	lebanon	AH1N12009	269.0	1000.0
0.0	0.0	0.0	1.0	1.0	0.9999999972231244	0.9999999995555555	28	121	lebanon	BYAM	36.0	138.5
0.0	0.0	0.0	1.0	1.0	0.9999999987648313	0.9999999994021351	87	121	lebanon	AH3	429.0	833.0
0.0	0.0	0.0	1.0	1.0	0.9999999751761208	0.9999999985853659	11	121	lebanon	BVIC	169.0	49.5
0.0	0.0	0.0	1.0		0.9999999989999999	0.9999999989999999	5	121	lebanon	AOTHER_SUBTYPE	1.0	9.0
0.0	0.0	0.0	1.0	1.0	0.9999999986736472	0.999999999625	22	121	central african republic	AH1N12009	19.0	149.0
0.0	0.0	0.0	1.0	1.0	0.9999999995099772	0.9999999996	21	121	central african republic	AH3	9.0	257.0
0.0	0.0	0.0	1.0	1.0	0.9999999884333334	0.9999999902000001	6	121	central african republic	BVIC	2.0	24.0
0.0	0.0	0.0	1.0	1.0	0.9999999994183139	0.9999999996593886	65	121	maldives	AH3	162.0	1561.0
0.0	0.0	0.0	1.0	1.0	0.9999999995352864	0.9999999996251423	54	121	maldives	AH1N12009	142.0	1189.0
0.0	0.0	0.0	1.0	1.0	0.9999999843983737	0.9999999887058825	33	121	maldives	BVIC	48.0	76.72727272727272
0.0	0.0	0.0	1.0	1.0	0.9999999981690896	0.9999999995740905	13	121	maldives	BYAM	18.0	145.27272727272728
0.0	0.0	0.0	1.0	1.0	0.9999999991151118	0.9999999989999999	43	121	montenegro	AH1N12009	88.0	927.0
0.0	0.0	0.0	1.0	1.0	0.9999999983819358	0.9999999985000001	51	121	montenegro	AH3	71.0	453.0
0.0	0.0	0.0	1.0	1.0	0.999999984108513	0.99999999104	33	121	montenegro	BVIC	15.0	220.5
0.0	0.0	0.0	1.0	0.9999999999999999	0.9999999978900772	0.9999999996900663	7	121	montenegro	BYAM	5.0	278.5
							0	121	british virgin islands	AH1N12009	1.0	2.0
							0	121	belarus	BVIC	0.0	858.5
0.0	0.0	0.0	1.0	1.0	0.9999999999091391	0.9999999999222604	14	121	belarus	AH3	19.0	2737.0
0.0	0.0	0.0	1.0	1.0	0.9999999995827326	0.9999999996258504	10	121	belarus	BYAM	2.0	1001.5
0.0	0.0	0.0	1.0	1.0	0.9999999999485123	0.9999999999607843	24	121	belarus	AH1N12009	13.0	3523.0
0.0	0.0	0.0	1.0		0.999999998	0.9999999980000001	7	121	saint vincent and the grenadines	AH1N12009	4.0	177.0
							0	121	saint vincent and the grenadines	BYAM	0.0	0.5
0.0	0.0	0.0	1.0		0.9999999989999999	0.9999999989999999	9	121	saint vincent and the grenadines	AH3	7.0	3.0
0.0	0.0	0.0	1.0	0.9999999999999998	0.9999999808940879	0.9999999911578948	9	121	saint vincent and the grenadines	BVIC	11.0	8.5
0.0	0.0	0.0	1.0	1.0	0.9999999994184259	0.9999999996094032	83	121	bulgaria	AH3	290.0	1709.0
0.0	0.0	0.0	1.0	1.0	0.9999999994235534	0.9999999997473138	78	121	bulgaria	AH1N12009	321.0	2021.0
0.0	0.0	0.0	1.0	1.0	0.999999982396217	0.9999999853636365	12	121	bulgaria	BVIC	114.0	12.0
0.0	0.0	0.0	1.0	1.0	0.9999999999059965	0.9999999999619048	11	121	bulgaria	BYAM	16.0	352.0
0.0	0.0	0.0	1.0	0.9999999999999999	0.9999999993438585	0.9999999994823363	96	121	cambodia	AH3	670.0	1366.0
							0	121	cambodia	BVIC	133.0	0.0
0.0	0.0	0.0	1.0	0.9999999999999998	0.9999999993436559	0.99999999941875	98	121	cambodia	AH1N12009	572.0	1626.0
0.0	0.0	0.0	1.0	1.0	0.9999999990770283	0.9999999989999999	36	121	cambodia	BYAM	63.0	170.0
							0	121	cambodia	AOTHER_SUBTYPE	3.0	1.0
0.0	0.0	0.0	1.0	1.0	0.9999999995041172	0.9999999997638591	114	121	japan	AH3	2968.0	24432.0
0.0	0.0	0.0	1.0	1.0	0.999999982127293	0.9999999897879123	89	121	japan	BVIC	1179.0722982536142	259.59053428528887
0.0	0.0	0.0	1.0	1.0	0.9999999987107698	0.9999999997756766	61	121	japan	BYAM	664.9277017463858	7199.409465714711
0.0	0.0	0.0	1.0	1.0	0.9999999994883152	0.9999999997283489	112	121	japan	AH1N12009	3026.0	20953.0
							0	121	japan	AOTHER_SUBTYPE	0.0	0.0
0.0	0.0	0.0	1.0	1.0	0.9999999992858865	0.9999999994977957	70	121	guatemala	AH1N12009	402.0	1049.0
0.0	0.0	0.0	1.0	1.0	0.9999999990868648	0.9999999993118279	105	121	guatemala	AH3	425.0	840.0
0.0	0.0	0.0	1.0	1.0	0.9999999930216328	0.9999999974999999	47	121	guatemala	BYAM	24.0	76.12261904761905
0.0	0.0	0.0	1.0	1.0	0.9999999903909953	0.9999999955809524	81	121	guatemala	BVIC	300.0	180.87738095238097
							0	121	guatemala	AOTHER_SUBTYPE	2.0	0.0
0.0	0.0	0.0	1.0	1.0	0.99999999971506	0.9999999999697006	62	121	iran	AH1N12009	284.0	20557.0
0.0	0.0	0.0	1.0	0.9999999999999999	0.9999999987330981	0.9999999998953069	51	121	iran	BVIC	33.5	6296.5
0.0	0.0	0.0	1.0	1.0	0.9999999997778329	0.9999999999527559	89	121	iran	AH3	192.0	16985.0
0.0	0.0	0.0	1.0	1.0	0.9999999975000872	0.9999999993597712	32	121	iran	BYAM	19.5	3079.5
0.0	0.0	0.0	1.0	0.9999999999999999	0.9999999895486567	0.9999999941439988	8	121	syrian arab republic	BVIC	14.0	45.5
0.0	0.0	0.0	1.0	1.0	0.9999999985370371	0.9999999985000001	9	121	syrian arab republic	AH1N12009	16.0	76.0
0.0	0.0	0.0	1.0	1.0	0.9999999991666666	0.9999999992499999	3	121	dominica	AH3	10.0	1.0
0.0	0.0	0.0	1.0		0.9999999980000002	0.9999999980000001	3	121	dominica	BYAM	0.0	1.5
0.0	0.0	0.0	1.0	1.0	0.9999999988811112	0.99999999875	15	121	dominica	AH1N12009	7.0	22.0
							0	121	dominica	BVIC	2.0	1.5
0.0	0.0	0.0	1.0	1.0	0.9999999993636125	0.9999999995	53	121	jamaica	AH3	141.0	501.0
0.0	0.0	0.0	1.0	1.0	0.9999999995087686	0.9999999995280898	77	121	jamaica	AH1N12009	209.0	948.0
0.0	0.0	0.0	1.0	1.0	0.9999999893248818	0.9999999945932204	37	121	jamaica	BVIC	50.0	43.91666666666667
0.0	0.0	0.0	1.0	1.0	0.99999999873659	0.9999999991335544	30	121	jamaica	BYAM	30.0	71.08333333333334
0.0	0.0	0.0	1.0	1.0	0.9999999990700518	0.9999999999140705	101	121	norway	BVIC	1034.0	36719.09104034208
0.0	0.0	0.0	1.0	1.0	0.9999999996711492	0.9999999998489904	115	121	norway	AH3	2147.0	15252.0
0.0	0.0	0.0	1.0	1.0	0.9999999997863703	0.9999999999268503	61	121	norway	BYAM	232.0	19435.90895965792
0.0	0.0	0.0	1.0	1.0	0.9999999995823728	0.999999999804855	112	121	norway	AH1N12009	1887.0	16064.0
0.0	0.0	0.0	1.0	1.0	0.9999999990608438	0.9999999993333333	87	121	greece	AH3	274.0	1723.0
0.0	0.0	0.0	1.0	1.0	0.9999999995045622	0.999999999758674	71	121	greece	AH1N12009	305.0	2791.0
0.0	0.0	0.0	1.0	1.0	0.9999999945803492	0.9999999998180936	20	121	greece	BYAM	40.0	346.16666666666663
0.0	0.0	0.0	1.0	1.0	0.9999999919693747	0.9999999983946489	59	121	greece	BVIC	87.0	585.8333333333333
0.0	0.0	0.0	1.0	0.9999999999999999	0.9999999882961218	0.9999999991948012	82	121	ukraine	BVIC	619.0	5393.086399316322
0.0	0.0	0.0	1.0	0.9999999999999999	0.9999999993110963	0.9999999997088079	79	121	ukraine	AH1N12009	775.0	4043.0
0.0	0.0	0.0	1.0	1.0	0.9999999992233333	0.9999999993914872	84	121	ukraine	AH3	678.0	2420.0
0.0	0.0	0.0	1.0	1.0	0.9999999976590861	0.9999999995400242	26	121	ukraine	BYAM	24.0	316.91360068367743
0.0	0.0	0.0	1.0	1.0	0.9999999995145004	0.9999999997464286	94	121	colombia	AH3	224.0	4565.0
0.0	0.0	0.0	1.0	1.0	0.9999999984233913	0.9999999993953623	48	121	colombia	BYAM	26.0	676.7698412698412
0.0	0.0	0.0	1.0	0.9999999999999998	0.9999999936629677	0.9999999977100529	58	121	colombia	BVIC	82.0	445.2301587301587
0.0	0.0	0.0	1.0	1.0	0.999999999244656	0.9999999998549337	80	121	colombia	AH1N12009	244.0	5164.0
							0	121	unknown	AH1N12009	46.0	0.0
							0	121	unknown	AH3	101.0	0.0
							0	121	unknown	BVIC	29.0	0.0
							0	121	unknown	BYAM	4.0	0.0
							0	121	unknown	AH7N9	1.0	0.0
0.0	0.0	0.0	1.0	1.0	0.9999999995591424	0.9999999996666666	72	121	uganda	AH3	107.0	1053.0
0.0	0.0	0.0	1.0	1.0	0.9999999992619241	0.999999999387368	63	121	uganda	AH1N12009	137.0	569.0
0.0	0.0	0.0	1.0	1.0	0.9999999986915061	0.9999999992310376	30	121	uganda	BVIC	47.0	356.76488095238096
0.0	0.0	0.0	1.0	1.0	0.999999997914251	0.9999999977714286	9	121	uganda	BYAM	5.0	69.23511904761904
							0	121	uganda	AOTHER_SUBTYPE	10.0	0.0
							0	121	singapore	AOTHER_SUBTYPE	0.0	10.0
0.0	0.0	0.0	1.0	1.0	0.9999999991457318	0.9999999996845552	102	121	singapore	AH3	1608.0	5607.0
0.0	0.0	0.0	1.0	1.0	0.9999999820022575	0.999999994305653	106	121	singapore	BVIC	856.4851712243388	1335.4058258739292
0.0	0.0	0.0	1.0	1.0	0.9999999993772185	0.9999999994145821	50	121	singapore	BYAM	304.51482877566116	757.5941741260706
0.0	0.0	0.0	1.0	1.0	0.999999999439882	0.9999999996566945	99	121	singapore	AH1N12009	1166.0	3459.0
0.0	0.0	0.0	1.0	1.0	0.999999993638018	0.9999999998378378	27	121	kuwait	AH3	59.0	1175.0
0.0	0.0	0.0	1.0	1.0	0.9999999999412083	0.999999999982439	31	121	kuwait	AH1N12009	54.0	5902.0
0.0	0.0	0.0	1.0	0.9999999999999999	0.9999999998181787	0.9999999998224673	10	121	kuwait	BYAM	19.0	1379.5
0.0	0.0	0.0	1.0	0.9999999999999998	0.9999999996517822	0.9999999998313253	17	121	kuwait	BVIC	7.0	1466.5
0.0	0.0	0.0	1.0	0.9999999999999999	0.999999999563269	0.9999999997368421	66	121	hungary	AH3	257.0	2369.0
0.0	0.0	0.0	1.0	1.0	0.9999999994737018	0.9999999997904625	72	121	hungary	AH1N12009	302.0	2862.0
0.0	0.0	0.0	1.0	0.9999999999999999	0.9999999690189473	0.9999999946525975	50	121	hungary	BVIC	89.0	294.8
0.0	0.0	0.0	1.0	1.0	0.9999999996197734	0.999999999906445	11	121	hungary	BYAM	26.0	567.2
0.0	0.0	0.0	1.0	0.9999999999999999	0.999999999475241	0.9999999995454545	66	121	algeria	AH3	64.0	782.0
0.0	0.0	0.0	1.0	1.0	0.999999999507591	0.9999999995111848	40	121	algeria	AH1N12009	105.0	1103.0
0.0	0.0	0.0	1.0	1.0	0.9999999941071309	0.9999999977974683	7	121	algeria	BYAM	6.0	77.5
0.0	0.0	0.0	1.0	0.9999999999999999	0.9999999973678045	0.9999999980922432	14	121	algeria	BVIC	22.0	71.5
							0	121	uzbekistan	AOTHER_SUBTYPE	1.0	0.0
							0	121	uzbekistan	BYAM	0.0	52.0
							0	121	uzbekistan	BVIC	0.0	45.0
0.0	0.0	0.0	1.0	1.0	0.9999999989560835	0.9999999989999999	13	121	uzbekistan	AH3	17.0	167.0
0.0	0.0	0.0	1.0	1.0	0.9999999992162737	0.99999999955	9	121	uzbekistan	AH1N12009	33.0	200.0
0.0	0.0	0.0	1.0	1.0	0.9999999997999102	0.9999999998119393	109	121	canada	AH3	9973.0	75942.0
0.0	0.0	0.0	1.0	1.0	0.9999999997994055	0.9999999998954354	48	121	canada	BYAM	689.9462510600043	21945.43280380519
0.0	0.0	0.0	1.0	1.0	0.9999999998557808	0.999999999943634	95	121	canada	BVIC	2461.053748939996	92201.56719619481
							0	121	canada	AOTHER_SUBTYPE	0.0	0.0
0.0	0.0	0.0	1.0	1.0	0.9999999996333845	0.9999999998238022	109	121	canada	AH1N12009	8234.0	81277.0
							0	121	canada	AH7N9	0.0	0.0
							0	121	grenada	AH3	1.0	0.0
							0	121	grenada	AH1N12009	11.0	4.0
							0	121	grenada	BVIC	1.0	0.0
0.0	0.0	0.0	1.0	1.0	0.9999999993492921	0.9999999994642856	66	121	uruguay	AH3	132.0	688.0
0.0	0.0	0.0	1.0	1.0	0.9999999995044384	0.9999999996269981	45	121	uruguay	AH1N12009	70.0	663.0
0.0	0.0	0.0	1.0	1.0	0.9999999943496654	0.9999999943608392	10	121	uruguay	BVIC	40.0	15.0
0.0	0.0	0.0	1.0	1.0	0.9999999983498441	0.9999999992222222	29	121	uruguay	BYAM	21.0	72.0
							0	121	uruguay	AOTHER_SUBTYPE	0.0	0.0
0.0	0.0	0.0	1.0	1.0	0.9999999981700933	0.9999999998017621	81	121	portugal	BVIC	710.0	12541.591036065118
0.0	0.0	0.0	1.0	1.0	0.9999999960235921	0.9999999984290766	44	121	portugal	BYAM	185.0	2036.408963934882
0.0	0.0	0.0	1.0	0.9999999999999999	0.9999999996595716	0.9999999998260869	89	121	portugal	AH1N12009	1134.0	7635.0
0.0	0.0	0.0	1.0	1.0	0.99999999950231	0.9999999997777778	93	121	portugal	AH3	1309.0	9223.0
0.0	0.0	0.0	1.0	1.0	0.9999999992078676	0.9999999996910345	31	121	israel	BVIC	114.5	1891.5
0.0	0.0	0.0	1.0	0.9999999999999999	0.999999999887247	0.9999999998995495	8	121	israel	BYAM	27.5	1385.5
0.0	0.0	0.0	1.0	0.9999999999999998	0.9999999991241427	0.9999999995560975	60	121	israel	AH3	273.0	2689.0
0.0	0.0	0.0	1.0	1.0	0.999999999582025	0.9999999998119122	59	121	israel	AH1N12009	296.0	3695.0
0.0	0.0	0.0	1.0	0.9999999999999998	0.9999999993076922	0.9999999995	13	121	turks and caicos islands	AH1N12009	5.0	14.0
							0	121	turks and caicos islands	AH3	1.0	2.0
0.0	0.0	0.0	1.0	1.0	0.999999998897921	0.9999999990999999	71	121	togo	AH1N12009	279.0	703.0
0.0	0.0	0.0	1.0	1.0	0.9999999929810035	0.9999999990388952	33	121	togo	BVIC	222.0	356.66666666666663
0.0	0.0	0.0	1.0	1.0	0.9999999990070616	0.9999999991931976	83	121	togo	AH3	506.0	1143.0
0.0	0.0	0.0	1.0	1.0	0.9999999980578157	0.9999999985263158	15	121	togo	BYAM	5.0	160.33333333333331
0.0	0.0	0.0	1.0	1.0	0.9999999997404855	0.9999999999224806	65	121	paraguay	AH1N12009	105.0	5132.0
0.0	0.0	0.0	1.0	1.0	0.9999999995651715	0.99999999975	65	121	paraguay	AH3	96.0	3474.0
0.0	0.0	0.0	1.0	1.0	0.9999999989636483	0.9999999994320774	52	121	paraguay	BVIC	62.0	897.6404761904762
0.0	0.0	0.0	1.0	1.0	0.9999999995241213	0.9999999996674074	36	121	paraguay	BYAM	28.0	892.3595238095238
							0	121	paraguay	AOTHER_SUBTYPE	1.0	0.0
							0	121	poland	AOTHER_SUBTYPE	0.0	0.0
0.0	0.0	0.0	1.0	0.9999999999999999	0.9999999984221972	0.9999999993877551	57	121	poland	AH3	270.0	1015.0
0.0	0.0	0.0	1.0	1.0	0.9999999997511732	0.9999999999145256	68	121	poland	AH1N12009	158.0	6388.0
0.0	0.0	0.0	1.0	1.0	0.9999999997172847	0.9999999998853654	12	121	poland	BYAM	37.69230769230769	2246.8076923076924
0.0	0.0	0.0	1.0	0.9999999999999999	0.9999999989468623	0.9999999996516516	39	121	poland	BVIC	129.30769230769232	3377.1923076923076
0.0	0.0	0.0	1.0	1.0	0.999999999570588	0.9999999995705882	12	121	cayman islands	AH1N12009	5.0	343.0
0.0	0.0	0.0	1.0		0.9999999986666667	0.9999999986666667	7	121	cayman islands	AH3	4.0	164.0
0.0	0.0	0.0	1.0	1.0	0.9999999920000001	0.9999999900000001	6	121	cayman islands	BYAM	2.0	2.5
0.0	0.0	0.0	1.0	1.0	0.9999999996710137	0.9999999998152365	108	121	chile	AH3	1843.0	13170.0
							0	121	chile	AOTHER_SUBTYPE	1.0	0.0
0.0	0.0	0.0	1.0	1.0	0.9999999997432436	0.9999999998295841	61	121	chile	BYAM	373.0	3433.8768072393873
0.0	0.0	0.0	1.0	1.0	0.999999999695522	0.9999999997560676	91	121	chile	AH1N12009	1482.0	11172.0
0.0	0.0	0.0	1.0	1.0	0.9999999954956352	0.9999999992314942	92	121	chile	BVIC	1575.0	4653.123192760613
0.0	0.0	0.0	1.0	0.9999999999999998	0.999999999313058	0.9999999997386364	70	121	croatia	AH3	271.0	2852.0
0.0	0.0	0.0	1.0	1.0	0.9999999993926799	0.9999999998182818	20	121	croatia	BYAM	6.0	1834.0
0.0	0.0	0.0	1.0	1.0	0.9999999992672722	0.9999999995945945	75	121	croatia	AH1N12009	137.0	2913.0
0.0	0.0	0.0	1.0	0.9999999999999998	0.9999999958847188	0.9999999988571429	41	121	croatia	BVIC	73.0	1877.0
0.0	0.0	0.0	1.0	1.0	0.9999999979643284	0.999999999787009	111	121	australia	BVIC	2116.0833333333335	12271.343054062241
0.0	0.0	0.0	1.0	0.9999999999999998	0.9999999993522255	0.9999999994621627	106	121	australia	AH3	9181.0	16345.0
0.0	0.0	0.0	1.0	0.9999999999999998	0.9999999991203927	0.9999999997444998	58	121	australia	BYAM	316.9166666666667	4201.656945937758
							0	121	australia	AOTHER_SUBTYPE	3.0	0.0
0.0	0.0	0.0	1.0	1.0	0.9999999995467291	0.9999999996416933	106	121	australia	AH1N12009	5971.0	14092.0
0.0	0.0	0.0	1.0	0.9999999999999998	0.9999999911938976	0.9999999963208333	26	121	mozambique	BYAM	19.0	52.16666666666667
0.0	0.0	0.0	1.0	1.0	0.9999999994694134	0.9999999995384615	53	121	mozambique	AH1N12009	92.0	526.0
0.0	0.0	0.0	1.0	1.0	0.9999999987895184	0.999999999112676	62	121	mozambique	AH3	111.0	506.0
0.0	0.0	0.0	1.0	0.9999999999999999	0.9999999794035941	0.9999999860000002	41	121	mozambique	BVIC	59.0	44.833333333333336
0.0	0.0	0.0	1.0	0.9999999999999999	0.9999999992342876	0.9999999998860778	74	121	pakistan	AH1N12009	395.0	3645.0
0.0	0.0	0.0	1.0	1.0	0.9999999913190868	0.99999999375	27	121	pakistan	BVIC	67.0	160.88888888888889
0.0	0.0	0.0	1.0	1.0	0.9999999833098423	0.9999999959999999	29	121	pakistan	BYAM	33.0	146.11111111111111
0.0	0.0	0.0	1.0	1.0	0.9999999926139823	0.9999999998355262	70	121	pakistan	AH3	286.0	2318.0
							0	121	pakistan	AOTHER_SUBTYPE	4.0	0.0
0.0	0.0	0.0	1.0	1.0	0.999999994594331	0.9999999953333334	23	121	jordan	BVIC	35.0	72.81137312979419
0.0	0.0	0.0	1.0	1.0	0.9999999988630818	0.9999999991778357	44	121	jordan	AH3	74.0	895.0
0.0	0.0	0.0	1.0	1.0	0.9999999996339217	0.9999999997804846	46	121	jordan	AH1N12009	166.0	1706.0
0.0	0.0	0.0	1.0	1.0	0.9999999865725009	0.999999994575	42	121	jordan	BYAM	22.0	59.188626870205816
0.0	0.0	0.0	1.0	1.0	0.9999999994673131	0.9999999996521739	77	121	french guiana	AH3	104.0	793.0
0.0	0.0	0.0	1.0	1.0	0.999999999085966	0.9999999994545454	69	121	french guiana	AH1N12009	106.0	926.0
0.0	0.0	0.0	1.0	0.9999999999999999	0.9999999994656361	0.9999999995	20	121	french guiana	BYAM	14.0	107.0
							0	121	french guiana	BVIC	25.0	0.0
0.0	0.0	0.0	1.0	0.9999999999999998	0.9999999995538523	0.9999999996712329	55	121	bhutan	AH1N12009	180.0	1540.0
0.0	0.0	0.0	1.0	0.9999999999999998	0.9999999995091589	0.99999999967632	66	121	bhutan	AH3	260.0	1581.0
0.0	0.0	0.0	1.0	1.0	0.9999999858418526	0.9999999975049504	23	121	bhutan	BVIC	160.0	187.0
0.0	0.0	0.0	1.0	1.0	0.999999997999911	0.9999999988387097	15	121	bhutan	BYAM	15.0	298.0
0.0	0.0	0.0	1.0	1.0	0.9999999999213665	0.99999999996302	97	121	mexico	AH3	1089.0	30628.0
0.0	0.0	0.0	1.0	1.0	0.9999999996600878	0.999999999887692	56	121	mexico	BYAM	113.66666666666667	4204.99777369846
0.0	0.0	0.0	1.0	0.9999999999999998	0.9999999995456956	0.9999999997444943	82	121	mexico	BVIC	190.33333333333331	4457.00222630154
0.0	0.0	0.0	1.0	1.0	0.9999999998588828	0.9999999999446103	96	121	mexico	AH1N12009	620.0	26694.0
							0	121	mexico	AOTHER_SUBTYPE	0.0	0.0
0.0	0.0	0.0	1.0	1.0	0.9999999992951297	0.9999999997915762	66	121	senegal	AH1N12009	262.0	1713.0
0.0	0.0	0.0	1.0	1.0	0.9999999995812824	0.999999999823827	71	121	senegal	AH3	243.0	2397.0
0.0	0.0	0.0	1.0	1.0	0.9999999996433976	0.9999999996296296	29	121	senegal	BYAM	20.0	273.1
0.0	0.0	0.0	1.0	1.0	0.9999999614851872	0.9999999790000005	45	121	senegal	BVIC	108.0	35.9
							0	121	senegal	AOTHER_SUBTYPE	1.0	0.0
0.0	0.0	0.0	1.0	1.0	0.9999999997100057	0.9999999999236363	77	121	nepal	AH3	111.0	4777.0
0.0	0.0	0.0	1.0	0.9999999999999998	0.9999999981327794	0.9999999995555555	69	121	nepal	BVIC	59.0	1765.8702020202018
0.0	0.0	0.0	1.0	1.0	0.9999999994125119	0.9999999997595941	40	121	nepal	BYAM	74.0	1376.1297979797978
0.0	0.0	0.0	1.0	0.9999999999999998	0.9999999997843505	0.9999999998981823	66	121	nepal	AH1N12009	142.0	5342.0
0.0	0.0	0.0	1.0	1.0	0.9999999989862706	0.9999999992176403	84	121	finland	AH3	508.0	702.0
0.0	0.0	0.0	1.0	1.0	0.9999999972438782	0.9999999990232558	71	121	finland	AH1N12009	340.0	350.0
0.0	0.0	0.0	1.0	1.0	0.9999999992312991	0.9999999991999999	33	121	finland	BYAM	52.0	245.26666666666665
0.0	0.0	0.0	1.0	0.9999999999999999	0.9999999586461433	0.999999999946271	14	121	finland	BVIC	120.0	2965.7333333333336
0.0	0.0	0.0	1.0	1.0	0.9999999988680728	0.9999999996110105	114	121	sweden	AH3	1191.0	6076.0
0.0	0.0	0.0	1.0	1.0	0.9999999987477138	0.9999999996024667	103	121	sweden	AH1N12009	1052.0	9227.0
0.0	0.0	0.0	1.0	1.0	0.999999999599415	0.9999999999243047	45	121	sweden	BYAM	199.0	14810.989519252678
0.0	0.0	0.0	1.0	0.9999999999999998	0.9999999989504845	0.9999999998075996	96	121	sweden	BVIC	486.0	14492.010480747324
							0	121	sweden	AOTHER_SUBTYPE	1.0	0.0
0.0	0.0	0.0	1.0	0.9999999999999999	0.9999999994993317	0.99999999957267	85	121	bahrain	AH1N12009	259.0	1797.0
0.0	0.0	0.0	1.0	0.9999999999999998	0.9999999993616847	0.9999999996120401	72	121	bahrain	AH3	170.0	2878.0
0.0	0.0	0.0	1.0	1.0	0.9999999824036562	0.9999999925333334	65	121	bahrain	BVIC	226.0	150.32894736842104
0.0	0.0	0.0	1.0	1.0	0.9999999977383895	0.9999999990117646	38	121	bahrain	BYAM	32.0	96.67105263157895
0.0	0.0	0.0	1.0	0.9999999999999998	0.9999999989767514	0.9999999989932886	9	121	mauritania	AH3	16.0	151.0
0.0	0.0	0.0	1.0	1.0	0.9999999726296307	0.9999999813333337	9	121	mauritania	BVIC	4.0	10.0
0.0	0.0	0.0	1.0	0.9999999999999999	0.9999999881500002	0.9999999871000002	6	121	mauritania	BYAM	4.0	10.0
0.0	0.0	0.0	1.0	0.9999999999999998	0.9999999995424946	0.9999999998886875	94	121	italy	AH1N12009	1091.0	17958.0
0.0	0.0	0.0	1.0	1.0	0.9999999996382852	0.999999999886243	96	121	italy	AH3	1548.0	18186.0
0.0	0.0	0.0	1.0	1.0	0.9999999964525487	0.9999999994933333	83	121	italy	BVIC	493.56186482119324	6027.160811327975
0.0	0.0	0.0	1.0	1.0	0.9999999996796506	0.9999999998209571	30	121	italy	BYAM	203.43813517880682	3523.8391886720246
							0	121	italy	AOTHER_SUBTYPE	0.0	4.0
0.0	0.0	0.0	1.0	1.0	0.999999999037037	0.9999999989999999	18	121	burkina faso	BYAM	15.0	25.5
0.0	0.0	0.0	1.0	0.9999999999999999	0.9999999835937861	0.9999999893157896	7	121	burkina faso	BVIC	63.0	8.5
0.0	0.0	0.0	1.0	1.0	0.9999999987115572	0.9999999989999999	64	121	burkina faso	AH1N12009	133.0	418.0
0.0	0.0	0.0	1.0	1.0	0.9999999992699732	0.9999999994047618	52	121	burkina faso	AH3	194.0	505.0
0.0	0.0	0.0	1.0	0.9999999999999999	0.9999999991190476	0.9999999989999999	7	121	bermuda	AH1N12009	6.0	10.0
0.0	0.0	0.0	1.0	1.0	0.9999999984944444	0.9999999986666667	15	121	bermuda	AH3	13.0	15.0
							0	121	bermuda	BVIC	1.0	0.0
0.0	0.0	0.0	1.0	1.0	0.9999999989189463	0.9999999996129032	89	121	romania	AH3	857.0	2126.0
0.0	0.0	0.0	1.0	0.9999999999999999	0.9999999992927806	0.999999999724646	26	121	romania	BYAM	114.0	947.1947189807097
0.0	0.0	0.0	1.0	1.0	0.9999999888685124	0.9999999990353143	73	121	romania	BVIC	405.0	1844.8052810192903
0.0	0.0	0.0	1.0	0.9999999999999999	0.9999999960176429	0.9999999993703131	87	121	romania	AH1N12009	987.0	3651.0
0.0	0.0	0.0	1.0	1.0	0.9999999994210936	0.9999999996774194	93	121	india	AH3	575.0	4726.0
0.0	0.0	0.0	1.0	1.0	0.9999999983135321	0.9999999987947434	22	121	india	BYAM	52.63333333333333	263.32
0.0	0.0	0.0	1.0	1.0	0.9999999890814849	0.9999999972727273	73	121	india	BVIC	323.3666666666667	537.6800000000001
0.0	0.0	0.0	1.0	1.0	0.9999999982333198	0.9999999998107761	100	121	india	AH1N12009	1118.0	5068.0
							0	121	india	AOTHER_SUBTYPE	2.0	0.0
							0	121	qatar	AH3	421.0	0.0
							0	121	qatar	AH1N12009	217.0	0.0
							0	121	qatar	BYAM	11.0	3.5
							0	121	qatar	BVIC	167.0	3.5
0.0	0.0	0.0	1.0	0.9999999999999998	0.9999999995254829	0.9999999995555555	29	121	brunei	AH1N12009	90.0	295.0
0.0	0.0	0.0	1.0	1.0	0.9999999992640441	0.9999999992592592	35	121	brunei	AH3	118.0	277.0
0.0	0.0	0.0	1.0	1.0	0.9999999974653587	0.9999999976888888	29	121	brunei	BVIC	31.0	142.5
							0	121	brunei	BYAM	8.0	17.5
0.0	0.0	0.0	1.0	1.0	0.9999999989346727	0.9999999990096085	108	121	germany	AH3	3112.0	4804.0
0.0	0.0	0.0	1.0	1.0	0.9999999991057603	0.9999999991818181	103	121	germany	AH1N12009	2681.0	4733.0
							0	121	germany	AOTHER_SUBTYPE	0.0	0.0
0.0	0.0	0.0	1.0	1.0	0.9999999990638941	0.9999999996933351	9	121	germany	BVIC	1440.3045634327893	839.0
0.0	0.0	0.0	1.0	1.0	0.9999999992030564	0.9999999991067483	39	121	germany	BYAM	363.6954365672107	1695.0
0.0	0.0	0.0	1.0	1.0	0.9999999993053609	0.9999999992903226	62	121	dominican republic	AH1N12009	65.0	970.0
0.0	0.0	0.0	1.0	1.0	0.9999999745426034	0.9999999739000007	11	121	dominican republic	BVIC	33.0	36.0
0.0	0.0	0.0	1.0	1.0	0.9999999990781224	0.9999999989999999	34	121	dominican republic	AH3	43.0	413.0
0.0	0.0	0.0	1.0	1.0	0.9999999785000004	0.9999999782500004	4	121	dominican republic	BYAM	5.0	316.0
0.0	0.0	0.0	1.0	1.0	0.9999999997096837	0.9999999999121966	71	121	turkey	AH3	319.0	5883.0
0.0	0.0	0.0	1.0	1.0	0.9999999997106156	0.9999999998965518	60	121	turkey	AH1N12009	415.0	7651.0
0.0	0.0	0.0	1.0	1.0	0.9999999987650733	0.9999999997456914	50	121	turkey	BVIC	48.831730769230774	2867.7762820512817
0.0	0.0	0.0	1.0	1.0	0.9999999983409066	0.9999999997610619	29	121	turkey	BYAM	46.168269230769226	1137.2237179487179
0.0	0.0	0.0	1.0	1.0	0.9999999995162634	0.999999999516129	8	121	rwanda	AH3	12.0	215.0
							0	121	rwanda	BVIC	3.0	2.5
							0	121	rwanda	BYAM	7.0	2.5
0.0	0.0	0.0	1.0	1.0	0.9999999993910826	0.9999999993877551	8	121	rwanda	AH1N12009	11.0	217.0
0.0	0.0	0.0	1.0	1.0	0.9999999992003837	0.9999999995054347	98	121	austria	AH3	1180.0	3467.0
0.0	0.0	0.0	1.0	1.0	0.9999999983718675	0.9999999991082316	42	121	austria	BYAM	203.0	3588.331429694519
0.0	0.0	0.0	1.0	1.0	0.9999999991386347	0.9999999996353367	82	121	austria	AH1N12009	904.0	3009.0
0.0	0.0	0.0	1.0	1.0	0.999999995974534	0.9999999997929988	72	121	austria	BVIC	494.0	4448.668570305481
0.0	0.0	0.0	1.0	0.9999999999999999	0.9999999997104284	0.9999999996853146	7	121	azerbaijan	AH3	10.0	117.0
							0	121	azerbaijan	AH1N12009	1.0	18.0
0.0	0.0	0.0	1.0	1.0	0.9999999995362054	0.9999999998821102	113	121	russian federation	AH3	4572.0	47899.0
0.0	0.0	0.0	1.0	1.0	0.9999999992694029	0.9999999997849192	42	121	russian federation	BYAM	194.52380952380952	4661.771229341466
							0	121	russian federation	AOTHER_SUBTYPE	0.0	0.0
0.0	0.0	0.0	1.0	0.9999999999999998	0.9999999993218897	0.9999999998574778	96	121	russian federation	AH1N12009	5376.0	66157.0
0.0	0.0	0.0	1.0	1.0	0.9999999987048211	0.9999999998218365	110	121	russian federation	BVIC	2508.476190476191	44525.228770658534
0.0	0.0	0.0	1.0	0.9999999999999999	0.9999999985052187	0.9999999987175573	19	121	belgium	BYAM	99.0	364.9501155624037
0.0	0.0	0.0	1.0	0.9999999999999999	0.9999999961267579	0.9999999995999088	66	121	belgium	BVIC	171.0	10092.049884437596
0.0	0.0	0.0	1.0	1.0	0.9999999967838655	0.9999999989325485	82	121	belgium	AH3	763.0	850.0
0.0	0.0	0.0	1.0	1.0	0.9999999958877798	0.9999999987220098	87	121	belgium	AH1N12009	559.0	652.0
							0	121	belgium	AOTHER_SUBTYPE	0.0	0.0
0.0	0.0	0.0	1.0	0.9999999999999999	0.9999999991522622	0.9999999992822965	87	121	madagascar	AH1N12009	388.0	1344.0
0.0	0.0	0.0	1.0	1.0	0.999999999376572	0.9999999996410256	77	121	madagascar	AH3	313.0	1401.0
0.0	0.0	0.0	1.0	1.0	0.9999999952502658	0.9999999973778151	86	121	madagascar	BVIC	452.0	342.1833333333333
0.0	0.0	0.0	1.0	1.0	0.9999999974123381	0.9999999993333333	26	121	madagascar	BYAM	15.0	136.81666666666666
0.0	0.0	0.0	1.0	0.9999999999999999	0.9999999913116351	0.9999999978030303	59	121	bolivia	BVIC	99.0	223.58394062078276
0.0	0.0	0.0	1.0	1.0	0.9999999991013994	0.9999999995554424	92	121	bolivia	AH3	287.0	1682.0
0.0	0.0	0.0	1.0	1.0	0.9999999980299206	0.9999999997397325	28	121	bolivia	BYAM	52.0	769.4160593792174
0.0	0.0	0.0	1.0	1.0	0.9999999995188995	0.9999999998580721	68	121	bolivia	AH1N12009	207.0	3924.0
0.0	0.0	0.0	1.0	0.9999999999999998	0.9999999993560987	0.9999999995454545	75	121	costa rica	AH3	442.0	1840.0
0.0	0.0	0.0	1.0	1.0	0.9999999991533611	0.9999999996470588	67	121	costa rica	AH1N12009	666.0	3028.0
0.0	0.0	0.0	1.0	1.0	0.9999999866313698	0.9999999966857142	25	121	costa rica	BYAM	10.0	524.5666666666666
0.0	0.0	0.0	1.0	1.0	0.9999999913793985	0.9999999987541219	58	121	costa rica	BVIC	328.0	945.4333333333334
0.0	0.0	0.0	1.0	1.0	0.9999999996576697	0.9999999996666666	19	121	papua new guinea	AH1N12009	28.0	156.0
0.0	0.0	0.0	1.0	1.0	0.9999999992950992	0.9999999989999999	16	121	papua new guinea	BYAM	5.0	25.0
0.0	0.0	0.0	1.0	1.0	0.9999999433333366	0.9999999440000031	3	121	papua new guinea	BVIC	9.0	1.0
0.0	0.0	0.0	1.0	1.0	0.9999999996144027	0.9999999996	20	121	papua new guinea	AH3	10.0	78.0
0.0	0.0	0.0	1.0	0.9999999999999999	0.9999999997368623	0.9999999999794144	114	121	china	AH3	4221.0	325029.0
0.0	0.0	0.0	1.0	1.0	0.9999999999265806	0.9999999999340121	54	121	china	BYAM	752.6506854373854	39347.27052056187
0.0	0.0	0.0	1.0	0.9999999999999998	0.9999999969630723	0.9999999990864006	100	121	china	BVIC	4164.349314562614	7127.729479438134
0.0	0.0	0.0	1.0	1.0	0.9999999997307086	0.9999999999834901	104	121	china	AH1N12009	2967.0	320629.0
							0	121	china	AOTHER_SUBTYPE	82.0	26.0
0.0	0.0	0.0	1.0	0.9999999999999999	0.9999999691735167	0.9999999763402094	16	121	china	AH7N9	587.0	32.0
0.0	0.0	0.0	1.0	1.0	0.9999999933003294	0.9999999976666666	25	121	panama	BVIC	32.0	189.0
0.0	0.0	0.0	1.0	0.9999999999999998	0.9999999991793646	0.9999999989999999	53	121	panama	AH3	89.0	1373.0
							0	121	panama	AOTHER_SUBTYPE	0.0	0.0
0.0	0.0	0.0	1.0	1.0	0.9999999916532682	0.9999999959999999	17	121	panama	BYAM	11.0	132.0
0.0	0.0	0.0	1.0	1.0	0.999999999737767	0.9999999998410365	56	121	panama	AH1N12009	190.0	2816.0
0.0	0.0	0.0	1.0	1.0	0.9999999992322466	0.9999999990486655	42	121	fiji	AH1N12009	112.0	428.0
0.0	0.0	0.0	1.0	0.9999999999999998	0.9999999989840895	0.9999999992857143	75	121	fiji	AH3	240.0	618.0
0.0	0.0	0.0	1.0	1.0	0.9999999898454414	0.999999997	21	121	fiji	BVIC	35.0	104.66666666666667
0.0	0.0	0.0	1.0	1.0	0.9999999933017728	0.9999999980625001	36	121	fiji	BYAM	25.0	128.33333333333334
							0	121	turkmenistan	AH1N12009	6.0	0.0
0.0	0.0	0.0	1.0	1.0	0.9999999981833334	0.9999999985000001	15	121	turkmenistan	AH3	35.0	10.0
0.0	0.0	0.0	1.0	1.0	0.9999999884400002	0.9999999896000001	5	121	turkmenistan	BVIC	14.0	0.5
0.0	0.0	0.0	1.0	1.0	0.9999999943066665	0.9999999948	5	121	turkmenistan	BYAM	1.0	5.5
0.0	0.0	0.0	1.0	1.0	0.9999999997299968	0.9999999997901234	26	121	ethiopia	AH1N12009	81.0	772.0
0.0	0.0	0.0	1.0	0.9999999999999998	0.9999999994533872	0.9999999996	51	121	ethiopia	AH3	60.0	1307.0
							0	121	ethiopia	BYAM	0.0	364.5
0.0	0.0	0.0	1.0	1.0	0.9999999983404289	0.9999999989282297	23	121	ethiopia	BVIC	15.0	445.5
							0	121	bahamas	AH1N12009	1.0	2.0
0.0	0.0	0.0	1.0	0.9999999999999999	0.9999999994285714	0.9999999995	7	121	bahamas	AH3	2.0	4.0
							0	121	bahamas	BVIC	2.0	0.0
0.0	0.0	0.0	1.0	1.0	0.9999999995047116	0.9999999997	95	121	sri lanka	AH3	141.0	1289.0
0.0	0.0	0.0	1.0	0.9999999999999999	0.9999999996358042	0.9999999997108433	87	121	sri lanka	AH1N12009	107.0	2244.0
0.0	0.0	0.0	1.0	1.0	0.9999999994308767	0.9999999995227272	25	121	sri lanka	BYAM	9.0	556.7559523809523
0.0	0.0	0.0	1.0	1.0	0.9999999976423531	0.999999999	91	121	sri lanka	BVIC	63.0	1002.2440476190475
							0	121	bosnia and herzegovina	AH1N12009	107.0	6.0
							0	121	bosnia and herzegovina	BYAM	19.0	0.0
							0	121	bosnia and herzegovina	AH3	108.0	3.0
							0	121	bosnia and herzegovina	BVIC	20.0	1.0
0.0	0.0	0.0	1.0	0.9999999999999998	0.999999998986015	0.9999999993846154	69	121	south georgia and the south sandwich islands	AH3	115.0	678.0
0.0	0.0	0.0	1.0	0.9999999999999998	0.9999999449840402	0.999999947376618	10	121	south georgia and the south sandwich islands	BVIC	38.0	21.5
0.0	0.0	0.0	1.0	1.0	0.9999999989228342	0.9999999995862069	66	121	south georgia and the south sandwich islands	AH1N12009	99.0	897.0
0.0	0.0	0.0	1.0	0.9999999999999999	0.9999999970414609	0.9999999978461538	13	121	south georgia and the south sandwich islands	BYAM	11.0	39.5
							0	121	south georgia and the south sandwich islands	AOTHER_SUBTYPE	2.0	0.0
0.0	0.0	0.0	1.0	1.0	0.9999999995682469	0.9999999999207422	77	121	argentina	AH3	579.0	13429.0
0.0	0.0	0.0	1.0	0.9999999999999999	0.999999999782304	0.9999999998632751	61	121	argentina	BVIC	144.0	10254.126592089828
0.0	0.0	0.0	1.0	1.0	0.9999999997587177	0.9999999998488247	34	121	argentina	BYAM	76.0	3338.8734079101723
0.0	0.0	0.0	1.0	1.0	0.9999999994755684	0.9999999999314224	89	121	argentina	AH1N12009	355.0	13977.0
							0	121	argentina	AOTHER_SUBTYPE	0.0	0.0
0.0	0.0	0.0	1.0	1.0	0.9999999991944344	0.9999999995313695	114	121	france	AH3	6997.0	20253.0
0.0	0.0	0.0	1.0	0.9999999999999998	0.9999999986593588	0.999999999754717	107	121	france	BVIC	3844.0	35467.48117045058
0.0	0.0	0.0	1.0	0.9999999999999999	0.9999999995027945	0.9999999998864337	50	121	france	BYAM	306.0	12747.518829549419
0.0	0.0	0.0	1.0	1.0	0.9999999994141059	0.9999999996541759	107	121	france	AH1N12009	7331.0	19265.0
0.0	0.0	0.0	1.0	1.0	0.9999999996028666	0.999999999724678	100	121	indonesia	AH3	185.0	2088.0
0.0	0.0	0.0	1.0	1.0	0.9999999995470733	0.999999999712766	93	121	indonesia	AH1N12009	223.0	2636.0
0.0	0.0	0.0	1.0	0.9999999999999999	0.9999999992060785	0.9999999997471193	33	121	indonesia	BYAM	17.0	816.8846153846154
0.0	0.0	0.0	1.0	1.0	0.9999999950354841	0.9999999985758621	68	121	indonesia	BVIC	43.0	890.1153846153846
0.0	0.0	0.0	1.0	0.9999999999999998	0.9999999991157131	0.9999999996532094	51	121	kyrgyzstan	AH3	246.0	679.0
0.0	0.0	0.0	1.0	1.0	0.9999999973330546	0.9999999995461151	19	121	kyrgyzstan	BYAM	30.0	118.70588235294117
0.0	0.0	0.0	1.0	1.0	0.9999999842931169	0.9999999958598786	46	121	kyrgyzstan	BVIC	136.0	404.29411764705884
0.0	0.0	0.0	1.0	1.0	0.9999999992027313	0.9999999994302325	49	121	kyrgyzstan	AH1N12009	198.0	529.0
0.0	0.0	0.0	1.0	1.0	0.9999999975463756	0.9999999991864406	45	121	myanmar	AH1N12009	208.0	1081.0
0.0	0.0	0.0	1.0	0.9999999999999999	0.9999999986263917	0.9999999991272727	65	121	myanmar	AH3	300.0	449.0
0.0	0.0	0.0	1.0	0.9999999999999999	0.9999999897270655	0.999999999275862	25	121	myanmar	BVIC	114.0	415.5
0.0	0.0	0.0	1.0	1.0	0.9999999856155977	0.9999999958333332	20	121	myanmar	BYAM	55.0	35.5
0.0	0.0	0.0	1.0	1.0	0.9999999995832601	0.9999999997639386	108	121	brazil	AH3	5239.0	24001.0
0.0	0.0	0.0	1.0	1.0	0.9999999995847124	0.9999999997514434	49	121	brazil	BYAM	273.0	1696.4650441397266
							0	121	brazil	AOTHER_SUBTYPE	6.0	0.0
0.0	0.0	0.0	1.0	0.9999999999999998	0.99999999960227	0.9999999997738614	98	121	brazil	AH1N12009	5245.0	48084.0
0.0	0.0	0.0	1.0	1.0	0.9999999993875591	0.9999999998251774	104	121	brazil	BVIC	2496.0	23384.534955860276
0.0	0.0	0.0	1.0	1.0	0.9999999996830741	0.9999999996884655	54	121	kazakhstan	AH1N12009	282.0	2126.0
0.0	0.0	0.0	1.0	1.0	0.9999999959582163	0.9999999991211717	58	121	kazakhstan	BVIC	215.67333333333335	1810.5660215053763
0.0	0.0	0.0	1.0	1.0	0.9999999901147281	0.9999999990320261	16	121	kazakhstan	BYAM	33.32666666666667	178.43397849462366
0.0	0.0	0.0	1.0	1.0	0.9999999995957234	0.9999999998101341	58	121	kazakhstan	AH3	267.0	2214.0
0.0	0.0	0.0	1.0	0.9999999999999999	0.9999999995046517	0.999999999812998	62	121	lithuania	AH1N12009	196.0	4082.0
0.0	0.0	0.0	1.0	0.9999999999999998	0.9999999994878587	0.9999999997038724	66	121	lithuania	AH3	145.0	3235.0
0.0	0.0	0.0	1.0	1.0	0.9999999760822021	0.9999999908333335	48	121	lithuania	BVIC	35.0	212.91666666666666
0.0	0.0	0.0	1.0	1.0	0.9999999994794114	0.9999999993082596	14	121	lithuania	BYAM	11.0	790.0833333333333
0.0	0.0	0.0	1.0	1.0	0.9999999982698233	0.9999999996788438	45	121	albania	AH3	264.0	1062.0
0.0	0.0	0.0	1.0	1.0	0.9999999996851058	0.9999999997042925	43	121	albania	AH1N12009	211.0	1322.0
0.0	0.0	0.0	1.0	1.0	0.9999999973044241	0.9999999976285714	16	121	albania	BVIC	62.0	544.0
0.0	0.0	0.0	1.0	1.0	0.9999999982502572	0.9999999998409064	8	121	albania	BYAM	10.0	534.0
0.0	0.0	0.0	1.0	0.9999999999999998	0.9999999992201378	0.9999999989999999	52	121	mali	AH1N12009	93.0	284.0
0.0	0.0	0.0	1.0	1.0	0.9999999992149559	0.9999999991550692	14	121	mali	BYAM	26.0	65.0
0.0	0.0	0.0	1.0	1.0	0.9999999992155321	0.9999999993002915	44	121	mali	AH3	212.0	413.0
0.0	0.0	0.0	1.0	1.0	0.9999999825846837	0.9999999893333334	21	121	mali	BVIC	96.0	70.0
0.0	0.0	0.0	1.0	1.0	0.9999999989127618	0.9999999997272727	53	121	czech republic	AH3	215.0	1709.0
0.0	0.0	0.0	1.0	1.0	0.9999999996091705	0.9999999998047515	66	121	czech republic	AH1N12009	284.0	2056.0
0.0	0.0	0.0	1.0	1.0	0.9999999991973691	0.9999999997261757	33	121	czech republic	BVIC	59.0	3419.269230769231
0.0	0.0	0.0	1.0	1.0	0.9999999974913879	0.9999999987	17	121	czech republic	BYAM	12.0	747.7307692307693
							0	121	czech republic	AOTHER_SUBTYPE	0.0	0.0
0.0	0.0	0.0	1.0	1.0	0.9999999995807177	0.9999999997990667	71	121	peru	AH1N12009	447.0	4606.0
0.0	0.0	0.0	1.0	0.9999999999999999	0.9999999992539156	0.9999999994476987	101	121	peru	AH3	811.0	5048.0
0.0	0.0	0.0	1.0	1.0	0.9999999982453435	0.9999999993205128	50	121	peru	BYAM	59.0	470.578197945845
0.0	0.0	0.0	1.0	0.9999999999999998	0.9999999889784891	0.99999999833624	54	121	peru	BVIC	459.0	1209.421802054155
							0	121	peru	AOTHER_SUBTYPE	2.0	0.0
0.0	0.0	0.0	1.0	1.0	0.999999999059571	0.9999999997170836	59	121	slovakia	AH3	215.0	728.0
0.0	0.0	0.0	1.0	1.0	0.9999999990917156	0.9999999995744985	57	121	slovakia	AH1N12009	378.0	1019.0
0.0	0.0	0.0	1.0	1.0	0.9999999969403761	0.9999999985531061	54	121	slovakia	BVIC	344.0	6364.464102564103
0.0	0.0	0.0	1.0	1.0	0.9999999928541331	0.9999999989818182	28	121	slovakia	BYAM	12.0	472.5358974358974
							0	121	el salvador	AOTHER_SUBTYPE	0.0	0.0
0.0	0.0	0.0	1.0	1.0	0.9999999992020305	0.9999999992727272	55	121	el salvador	AH3	81.0	688.0
0.0	0.0	0.0	1.0	1.0	0.9999999991940597	0.9999999992499999	54	121	el salvador	AH1N12009	172.0	794.0
0.0	0.0	0.0	1.0	0.9999999999999999	0.9999999818392759	0.9999999900198021	31	121	el salvador	BVIC	101.0	51.52424242424242
0.0	0.0	0.0	1.0	0.9999999999999999	0.9999999976402668	0.9999999990209789	35	121	el salvador	BYAM	34.0	98.47575757575757
0.0	0.0	0.0	1.0	1.0	0.9999999993625526	0.9999999994657534	74	121	estonia	AH3	256.0	1002.0
0.0	0.0	0.0	1.0	1.0	0.9999999995953114	0.9999999997195388	65	121	estonia	AH1N12009	257.0	1055.0
0.0	0.0	0.0	1.0	1.0	0.9999999997909235	0.999999999926146	13	121	estonia	BYAM	10.0	1711.5
0.0	0.0	0.0	1.0	1.0	0.9999999931326407	0.9999999980077577	51	121	estonia	BVIC	136.0	649.5
0.0	0.0	0.0	1.0	1.0	0.9999999994284935	0.9999999996666666	54	121	new caledonia	AH1N12009	117.0	635.0
0.0	0.0	0.0	1.0	1.0	0.9999999994725154	0.9999999996150526	68	121	new caledonia	AH3	123.0	974.0
0.0	0.0	0.0	1.0	1.0	0.9999999993080472	0.9999999993355155	31	121	new caledonia	BYAM	25.0	229.27619047619046
0.0	0.0	0.0	1.0	1.0	0.9999999798923276	0.9999999893333334	39	121	new caledonia	BVIC	53.0	112.72380952380952
0.0	0.0	0.0	1.0	1.0	0.999999999144221	0.9999999993095238	42	121	barbados	AH3	32.0	159.0
0.0	0.0	0.0	1.0	1.0	0.9999999994359483	0.9999999995714285	47	121	barbados	AH1N12009	54.0	357.0
0.0	0.0	0.0	1.0	0.9999999999999999	0.9999999934468257	0.9999999945555555	30	121	barbados	BYAM	7.0	43.916666666666664
0.0	0.0	0.0	1.0	1.0	0.9999999916162009	0.9999999945625	21	121	barbados	BVIC	24.0	26.083333333333332
0.0	0.0	0.0	1.0	1.0	0.9999999985361656	0.9999999989999999	37	121	nigeria	AH1N12009	81.0	124.0
0.0	0.0	0.0	1.0	0.9999999999999999	0.9999999842725231	0.9999999920454546	42	121	nigeria	BVIC	42.0	62.4375
0.0	0.0	0.0	1.0	1.0	0.9999999984288612	0.9999999986086957	27	121	nigeria	AH3	87.0	89.0
0.0	0.0	0.0	1.0	0.9999999999999999	0.9999999973401541	0.9999999981333334	15	121	nigeria	BYAM	6.0	41.5625
0.0	0.0	0.0	1.0	1.0	0.999999999137288	0.9999999994708569	108	121	thailand	AH3	1653.0	3381.0
0.0	0.0	0.0	1.0	1.0	0.9999999975971318	0.9999999995	42	121	thailand	BYAM	139.86464646464646	610.416045066045
0.0	0.0	0.0	1.0	1.0	0.9999999875189463	0.9999999971366212	59	121	thailand	BVIC	816.1353535353535	249.58395493395494
0.0	0.0	0.0	1.0	1.0	0.999999999447613	0.999999999666229	99	121	thailand	AH1N12009	1206.0	3345.0
0.0	0.0	0.0	1.0	0.9999999999999999	0.99999999971875	0.99999999975	8	121	iraq	AH3	1.0	349.0
0.0	0.0	0.0	1.0	1.0	0.9999999986818182	0.9999999986818182	2	121	iraq	AH1N12009	0.0	1375.0
							0	121	iraq	BYAM	0.0	202.0
							0	121	iraq	BVIC	0.0	202.0
0.0	0.0	0.0	1.0	0.9999999999999999	0.9999999997109289	0.999999999836241	97	121	korea	AH3	671.0	5024.0
0.0	0.0	0.0	1.0	0.9999999999999999	0.9999999913466777	0.9999999992228001	44	121	korea	BVIC	197.3	1423.6190476190477
							0	121	korea	AOTHER_SUBTYPE	0.0	0.0
0.0	0.0	0.0	1.0	0.9999999999999998	0.9999999996918807	0.999999999845788	86	121	korea	AH1N12009	529.0	5467.0
0.0	0.0	0.0	1.0	1.0	0.9999999992977248	0.9999999997524324	15	121	korea	BYAM	45.7	1447.3809523809523
0.0	0.0	0.0	1.0	0.9999999999999998	0.9999999997169089	0.9999999998767478	69	121	saudi arabia	AH1N12009	218.0	5007.0
0.0	0.0	0.0	1.0	1.0	0.9999999992639405	0.99999999971252	42	121	saudi arabia	AH3	272.0	1629.0
0.0	0.0	0.0	1.0	1.0	0.999999998670579	0.9999999992180986	16	121	saudi arabia	BYAM	16.0	1208.825
0.0	0.0	0.0	1.0	1.0	0.9999999991456824	0.9999999996411855	70	121	saudi arabia	BVIC	92.0	3556.175
0.0	0.0	0.0	1.0	1.0	0.99999999904823	0.9999999995	51	121	latvia	AH1N12009	55.0	916.0
0.0	0.0	0.0	1.0	1.0	0.9999999994429115	0.9999999996052631	60	121	latvia	AH3	69.0	857.0
0.0	0.0	0.0	1.0	1.0	0.9999999998184421	0.9999999999672835	10	121	latvia	BYAM	9.0	2090.7
0.0	0.0	0.0	1.0	1.0	0.9999999965579297	0.9999999982222223	32	121	latvia	BVIC	16.0	999.3
0.0	0.0	0.0	1.0	0.9999999999999999	0.9999999996017213	0.9999999997288109	49	121	united arab emirates	AH1N12009	1230.0	6152.0
0.0	0.0	0.0	1.0	1.0	0.9999999990275888	0.9999999995936086	62	121	united arab emirates	AH3	2165.0	7068.0
							0	121	united arab emirates	BYAM	38.0	57.0
0.0	0.0	0.0	1.0	0.9999999999999999	0.9999999848640678	0.9999999992444435	39	121	united arab emirates	BVIC	617.0	1085.0
0.0	0.0	0.0	1.0	0.9999999999999999	0.9999999861944447	0.9999999853333336	6	121	saint lucia	BYAM	1.0	4.5
0.0	0.0	0.0	1.0	1.0	0.999999951428574	0.9999999440000031	7	121	saint lucia	BVIC	2.0	3.5
0.0	0.0	0.0	1.0	1.0	0.9999999986000001	0.99999999875	20	121	saint lucia	AH1N12009	8.0	96.0
0.0	0.0	0.0	1.0		0.9999999985	0.9999999985000001	7	121	saint lucia	AH3	6.0	31.0
							0	121	cuba	AH3	0.0	456.0
							0	121	cuba	BVIC	10.0	278.5
							0	121	cuba	AH1N12009	0.0	1010.0
0.0	0.0	0.0	1.0	1.0	0.9999999996236169	0.9999999996521007	56	121	morocco	AH1N12009	121.0	868.0
0.0	0.0	0.0	1.0	1.0	0.9999999994597296	0.9999999997114422	10	121	morocco	BYAM	16.0	182.0
0.0	0.0	0.0	1.0	1.0	0.9999999997120772	0.9999999998125	63	121	morocco	AH3	94.0	994.0
0.0	0.0	0.0	1.0	1.0	0.9999999910006424	0.9999999979615385	46	121	morocco	BVIC	74.0	294.0
							0	121	seychelles	AH1N12009	0.0	36.0
0.0	0.0	0.0	1.0	1.0	0.99999999853125	0.9999999985000001	8	121	seychelles	AH3	6.0	28.0
0.0	0.0	0.0	1.0	1.0	0.9999999991094384	0.9999999989999999	21	121	belize	AH1N12009	20.0	176.0
0.0	0.0	0.0	1.0	0.9999999999999999	0.9999999990320012	0.9999999989999999	31	121	belize	AH3	12.0	287.0
0.0	0.0	0.0	1.0	1.0	0.9999999978954439	0.9999999980689656	13	121	belize	BVIC	12.0	34.5
							0	121	belize	BYAM	2.0	10.5
							0	121	saint martin (french part)	AH1N12009	2.0	0.0
0.0	0.0	0.0	1.0	1.0	0.9999999994231518	0.9999999995	83	121	iceland	AH1N12009	191.0	1945.0
0.0	0.0	0.0	1.0	1.0	0.999999999514772	0.9999999995367428	96	121	iceland	AH3	311.0	2643.0
0.0	0.0	0.0	1.0	1.0	0.9999999880556361	0.9999999927757093	28	121	iceland	BVIC	44.0	127.7
0.0	0.0	0.0	1.0	1.0	0.9999999947785138	0.9999999985454546	35	121	iceland	BYAM	28.0	528.3
0.0	0.0	0.0	1.0		0.9999999989999999	0.9999999989999999	6	121	tajikistan	AH1N12009	24.0	8.0
0.0	0.0	0.0	1.0	0.9999999999999999	0.9999999963275842	0.999999996330909	24	121	tajikistan	BVIC	29.0	171.5
0.0	0.0	0.0	1.0	0.9999999999999999	0.9999999994333333	0.9999999994	6	121	tajikistan	AH3	48.0	8.0
0.0	0.0	0.0	1.0	1.0	0.9999999988487335	0.999999998782241	7	121	tajikistan	BYAM	8.0	57.5
0.0	0.0	0.0	1.0	1.0	0.9999999999415873	0.999999999958604	119	121	united states	BVIC	15676.835414135885	353720.82951820525
0.0	0.0	0.0	1.0	0.9999999999999999	0.9999999999462076	0.9999999999634155	63	121	united states	BYAM	5052.164585864115	134039.1704817947
0.0	0.0	0.0	1.0	1.0	0.9999999985560508	0.9999999995699296	121	121	united states	AH3	50373.0	178053.0
							0	121	united states	AOTHER_SUBTYPE	1.0	1.0
0.0	0.0	0.0	1.0	1.0	0.9999999992798231	0.99999999952361	120	121	united states	AH1N12009	34608.0	139525.0
0.0	0.0	0.0	1.0	0.9999999999999998	0.999999999621666	0.9999999997654165	108	121	ghana	AH3	414.0	3929.0
0.0	0.0	0.0	1.0	1.0	0.999999999416112	0.9999999997865613	91	121	ghana	AH1N12009	276.0	2881.0
0.0	0.0	0.0	1.0	0.9999999999999999	0.9999999387449536	0.9999999287272778	6	121	ghana	BVIC	123.0	0.875
0.0	0.0	0.0	1.0	1.0	0.9999999991828854	0.9999999991696492	43	121	ghana	BYAM	22.0	374.125
							0	121	ghana	AOTHER_SUBTYPE	1.0	0.0
0.0	0.0	0.0	1.0	1.0	0.9999999990306407	0.9999999993623743	88	121	honduras	AH3	184.0	1067.0
0.0	0.0	0.0	1.0	1.0	0.9999999993496144	0.9999999995	71	121	honduras	AH1N12009	224.0	1829.0
0.0	0.0	0.0	1.0	1.0	0.9999999960948485	0.9999999982078853	28	121	honduras	BYAM	23.0	91.99487179487178
0.0	0.0	0.0	1.0	1.0	0.9999999918951656	0.99999999705	74	121	honduras	BVIC	67.0	175.00512820512822
0.0	0.0	0.0	1.0	1.0	0.9999999988791487	0.9999999994545454	99	121	switzerland	AH3	6057.0	2756.0
0.0	0.0	0.0	1.0	0.9999999999999999	0.9999999993996904	0.9999999996818607	93	121	switzerland	AH1N12009	512.0	2450.0
0.0	0.0	0.0	1.0	1.0	0.9999999998378866	0.9999999999509626	29	121	switzerland	BYAM	90.0	10049.604227975413
0.0	0.0	0.0	1.0	1.0	0.9999999993454637	0.9999999998955584	68	121	switzerland	BVIC	294.0	17038.395772024585
0.0	0.0	0.0	1.0	0.9999999999999999	0.9999999997403969	0.9999999999069767	43	121	mongolia	AH1N12009	90.0	1805.0
0.0	0.0	0.0	1.0	1.0	0.9999999997678987	0.9999999998482902	56	121	mongolia	AH3	132.0	2329.0
0.0	0.0	0.0	1.0	1.0	0.9999999997670159	0.9999999998566972	15	121	mongolia	BYAM	35.0	312.5
0.0	0.0	0.0	1.0	0.9999999999999998	0.9999999855036542	0.9999999868909093	20	121	mongolia	BVIC	48.0	101.5
							0	121	gabon	AH3	8.0	24.0
0.0	0.0	0.0	1.0	0.9999999999999999	0.9999999951591992	0.9999999953333334	7	121	gabon	BVIC	1.0	10.0
0.0	0.0	0.0	1.0	1.0	0.99999999939875	0.9999999995900699	42	121	macedonia	AH3	127.0	299.0
0.0	0.0	0.0	1.0	1.0	0.9999999997937546	0.9999999998392283	47	121	macedonia	AH1N12009	130.0	848.0
0.0	0.0	0.0	1.0	1.0	0.9999999996741429	0.9999999997656875	9	121	macedonia	BYAM	18.0	126.38888888888889
0.0	0.0	0.0	1.0	1.0	0.9999999795279766	0.9999999875000002	33	121	macedonia	BVIC	52.0	42.611111111111114
0.0	0.0	0.0	1.0	1.0	0.9999999994748905	0.9999999997871581	94	121	ireland	AH1N12009	1061.0	7909.0
0.0	0.0	0.0	1.0	1.0	0.9999999997161598	0.9999999999229358	95	121	ireland	AH3	284.0	9595.0
							0	121	ireland	AOTHER_SUBTYPE	0.0	0.0
0.0	0.0	0.0	1.0	1.0	0.999999996183684	0.9999999994955737	84	121	ireland	BVIC	306.0	2902.8168495297805
0.0	0.0	0.0	1.0	0.9999999999999998	0.9999999985624591	0.9999999996687694	36	121	ireland	BYAM	166.0	3065.1831504702195
0.0	0.0	0.0	1.0	1.0	0.9999999968899698	0.9999999980689656	19	121	mauritius	BYAM	39.0	66.5
0.0	0.0	0.0	1.0	1.0	0.9999999991065007	0.9999999993205742	74	121	mauritius	AH1N12009	177.0	943.0
0.0	0.0	0.0	1.0	1.0	0.9999999988886884	0.9999999995922906	58	121	mauritius	AH3	103.0	1053.0
0.0	0.0	0.0	1.0	1.0	0.9999999830178028	0.9999999872727274	31	121	mauritius	BVIC	42.0	55.5
0.0	0.0	0.0	1.0	1.0	0.9999999991032819	0.9999999993333333	60	121	martinique	AH3	46.0	318.0
0.0	0.0	0.0	1.0	1.0	0.9999999995823703	0.99999999975	51	121	martinique	AH1N12009	39.0	400.0
0.0	0.0	0.0	1.0	1.0	0.9999999998391236	0.9999999998125	10	121	martinique	BYAM	4.0	64.0
							0	121	martinique	BVIC	16.0	0.0
0.0	0.0	0.0	1.0	0.9999999999999998	0.9999999993095238	0.9999999993333333	14	121	sierra leone	AH3	6.0	34.0
0.0	0.0	0.0	1.0	0.9999999999999999	0.9999999291875051	0.9999999220000061	6	121	sierra leone	BVIC	10.0	6.8
0.0	0.0	0.0	1.0	0.9999999999999999	0.9999999988571427	0.9999999989999999	7	121	sierra leone	AH1N12009	5.0	33.0
0.0	0.0	0.0	1.0	1.0	0.9999999171666752	0.999999946000003	6	121	sierra leone	BYAM	1.0	6.2
0.0	0.0	0.0	1.0	1.0	0.9999999994719867	0.9999999997095652	66	121	ecuador	AH1N12009	121.0	2583.0
0.0	0.0	0.0	1.0	0.9999999999999998	0.9999999995786579	0.99999999975	89	121	ecuador	AH3	161.0	1991.0
0.0	0.0	0.0	1.0	0.9999999999999999	0.9999999986502695	0.9999999989699477	36	121	ecuador	BVIC	19.0	377.41666666666663
0.0	0.0	0.0	1.0	1.0	0.9999999955422573	0.9999999986190476	47	121	ecuador	BYAM	32.0	418.5833333333333
							0	121	sudan	AH1N12009	2.0	0.0
							0	121	sudan	BYAM	2.0	0.0
0.0	0.0	0.0	1.0	1.0	0.9999999997676469	0.9999999999411765	57	121	egypt	AH1N12009	125.0	6654.0
0.0	0.0	0.0	1.0	0.9999999999999999	0.9999999979600108	0.9999999995057164	40	121	egypt	BYAM	40.0	2753.690476190476
0.0	0.0	0.0	1.0	1.0	0.999999999774254	0.99999999975	71	121	egypt	AH3	51.0	4871.0
0.0	0.0	0.0	1.0	1.0	0.9999999995209335	0.9999999997707509	31	121	egypt	BVIC	11.0	2604.309523809524
0.0	0.0	0.0	1.0	0.9999999999999998	0.9999999989326048	0.9999999989999999	50	121	guadeloupe	AH3	25.0	163.0
0.0	0.0	0.0	1.0	1.0	0.9999999993381213	0.9999999993333333	35	121	guadeloupe	AH1N12009	13.0	147.0
0.0	0.0	0.0	1.0	1.0	0.999999999537037	0.9999999995	9	121	guadeloupe	BYAM	1.0	31.0
							0	121	guadeloupe	BVIC	8.0	0.0
0.0	0.0	0.0	1.0	1.0	0.9999999993039179	0.9999999994988922	106	121	spain	AH3	8894.0	23665.0
0.0	0.0	0.0	1.0	1.0	0.9999999965788215	0.9999999993846154	102	121	spain	AH1N12009	7134.0	21603.0
0.0	0.0	0.0	1.0	1.0	0.9999999949810547	0.999999999727534	98	121	spain	BVIC	3678.0	17665.815414786688
0.0	0.0	0.0	1.0	1.0	0.9999999984621672	0.9999999996048875	49	121	spain	BYAM	481.0	11186.184585213312
							0	121	spain	AOTHER_SUBTYPE	0.0	0.0
0.0	0.0	0.0	1.0	1.0	0.999999997591047	0.9999999993333333	36	121	tanzania	AH1N12009	77.0	899.0
0.0	0.0	0.0	1.0	1.0	0.9999999990511533	0.9999999994325346	37	121	tanzania	AH3	82.0	1242.0
0.0	0.0	0.0	1.0	0.9999999999999999	0.9999999974155592	0.9999999979285714	25	121	tanzania	BVIC	19.0	517.625
0.0	0.0	0.0	1.0	1.0	0.9999999975567734	0.9999999979285714	27	121	tanzania	BYAM	24.0	558.375
0.0	0.0	0.0	1.0	0.9999999999999998	0.9999999988904007	0.9999999996481803	92	121	vietnam	AH3	408.0	1715.0
0.0	0.0	0.0	1.0	1.0	0.9999999996220074	0.9999999996896027	90	121	vietnam	AH1N12009	408.0	1955.0
0.0	0.0	0.0	1.0	1.0	0.9999999954214097	0.9999999989448948	48	121	vietnam	BVIC	195.0	350.275
0.0	0.0	0.0	1.0	0.9999999999999998	0.9999999984056771	0.9999999987281768	38	121	vietnam	BYAM	44.0	338.725
0.0	0.0	0.0	1.0	0.9999999999999998	0.999999997142857	0.9999999980000001	7	121	vietnam	AOTHER_SUBTYPE	5.0	6.0
0.0	0.0	0.0	1.0	1.0	0.9999999994802701	0.9999999997498221	104	121	denmark	AH1N12009	1328.0	10062.0
0.0	0.0	0.0	1.0	0.9999999999999999	0.9999999996263955	0.9999999997110368	100	121	denmark	AH3	1950.0	12012.0
0.0	0.0	0.0	1.0	1.0	0.9999999995819061	0.9999999997603883	66	121	denmark	BVIC	603.0	18300.933333333334
0.0	0.0	0.0	1.0	1.0	0.9999999995893851	0.9999999996129032	27	121	denmark	BYAM	121.0	13343.066666666666
0.0	0.0	0.0	1.0	0.9999999999999999	0.9999999925525449	0.9999999988888889	91	121	kenya	AH3	650.0	754.0
0.0	0.0	0.0	1.0	1.0	0.9999999910339608	0.9999999982556439	33	121	kenya	BVIC	378.74242424242425	257.67380952380955
0.0	0.0	0.0	1.0	1.0	0.999999984624647	0.999999991909777	23	121	kenya	BYAM	80.25757575757575	46.326190476190476
0.0	0.0	0.0	1.0	0.9999999999999999	0.9999999961059038	0.9999999991752379	76	121	kenya	AH1N12009	606.0	872.0
							0	121	kenya	AOTHER_SUBTYPE	2.0	0.0
							0	121	montserrat	AH1N12009	1.0	0.0
							0	121	montserrat	BVIC	0.0	0.0
0.0	0.0	0.0	1.0	1.0	0.9999999936277397	0.9999999975582191	54	121	oman	BVIC	204.0	558.1666666666666
0.0	0.0	0.0	1.0	1.0	0.9999999967672204	0.9999999980000001	21	121	oman	BYAM	53.0	251.83333333333331
0.0	0.0	0.0	1.0	1.0	0.9999999979109686	0.9999999994718825	60	121	oman	AH1N12009	740.0	1821.0
0.0	0.0	0.0	1.0	1.0	0.9999999978222486	0.9999999991930837	68	121	oman	AH3	601.0	1248.0
							0	121	oman	AOTHER_SUBTYPE	1.0	0.0
0.0	0.0	0.0	1.0	0.9999999999999999	0.9999999989072499	0.9999999994683544	95	121	philippines	AH3	550.0	1021.0
0.0	0.0	0.0	1.0	1.0	0.999999981862221	0.9999999912545455	60	121	philippines	BVIC	133.5	151.49603174603175
							0	121	philippines	AOTHER_SUBTYPE	0.0	1.0
0.0	0.0	0.0	1.0	0.9999999999999998	0.9999999991388513	0.9999999994319526	89	121	philippines	AH1N12009	219.0	885.0
0.0	0.0	0.0	1.0	1.0	0.9999999986802498	0.9999999992307692	33	121	philippines	BYAM	26.5	149.50396825396825
0.0	0.0	0.0	1.0	1.0	0.9999999989927744	0.9999999990098039	68	121	niger	AH1N12009	123.0	511.0
0.0	0.0	0.0	1.0	1.0	0.9999999990577844	0.9999999991983681	102	121	niger	AH3	225.0	548.0
0.0	0.0	0.0	1.0	1.0	0.9999999784029155	0.9999999941724422	54	121	niger	BVIC	123.0	103.76502908855849
0.0	0.0	0.0	1.0	1.0	0.9999999972108439	0.9999999988655446	26	121	niger	BYAM	22.0	61.2349709114415
							0	121	malaysia	AOTHER_SUBTYPE	1.0	0.0
0.0	0.0	0.0	1.0	1.0	0.9999999977041075	0.9999999998060524	74	121	malaysia	BVIC	196.0	8351.435081585081
0.0	0.0	0.0	1.0	1.0	0.9999999995373	0.9999999997777778	88	121	malaysia	AH3	332.0	9826.0
0.0	0.0	0.0	1.0	1.0	0.9999999994262456	0.9999999997988764	82	121	malaysia	AH1N12009	427.0	7653.0
0.0	0.0	0.0	1.0	0.9999999999999999	0.9999999905334065	0.9999999987621548	32	121	malaysia	BYAM	24.0	444.5649184149184
							0	121	malaysia	AH7N9	0.0	0.0
0.0	0.0	0.0	1.0	0.9999999999999999	0.999999997658138	0.9999999988333333	15	121	kosovo	AH3	120.0	18.0
0.0	0.0	0.0	1.0	1.0	0.999999999386377	0.9999999994685493	8	121	kosovo	AH1N12009	84.0	38.0
0.0	0.0	0.0	1.0	1.0	0.9999999993691155	0.9999999995271144	16	121	kosovo	BVIC	35.0	840.0
0.0	0.0	0.0	1.0	0.9999999999999998	0.999999998986015	0.9999999993846154	69	121	georgia	AH3	115.0	678.0
0.0	0.0	0.0	1.0	0.9999999999999998	0.9999999449840402	0.999999947376618	10	121	georgia	BVIC	38.0	21.5
0.0	0.0	0.0	1.0	1.0	0.9999999989228342	0.9999999995862069	66	121	georgia	AH1N12009	99.0	897.0
0.0	0.0	0.0	1.0	0.9999999999999999	0.9999999970414609	0.9999999978461538	13	121	georgia	BYAM	11.0	39.5
							0	121	georgia	AOTHER_SUBTYPE	2.0	0.0
0.0	0.0	0.0	1.0	1.0	0.9999999992227017	0.9999999994786729	43	121	afghanistan	AH3	116.0	556.0
0.0	0.0	0.0	1.0	1.0	0.9999999849390786	0.9999999888663308	6	121	afghanistan	BVIC	60.0	8.649999999999999
0.0	0.0	0.0	1.0	1.0	0.9999999976629208	0.9999999990967742	43	121	afghanistan	BYAM	35.0	117.35
0.0	0.0	0.0	1.0	1.0	0.9999999994104514	0.9999999994782608	60	121	afghanistan	AH1N12009	67.0	691.0
0.0	0.0	0.0	1.0	1.0	0.9999999990843675	0.9999999993333333	105	121	south africa	AH3	1400.0	4038.0
0.0	0.0	0.0	1.0	1.0	0.9999999975255209	0.9999999995510204	107	121	south africa	AH1N12009	1257.0	2476.0
0.0	0.0	0.0	1.0	0.9999999999999999	0.9999999996702524	0.9999999997637996	30	121	south africa	BYAM	33.0	574.2690476190476
							0	121	south africa	AOTHER_SUBTYPE	5.0	0.0
0.0	0.0	0.0	1.0	1.0	0.9999999898455678	0.9999999932924742	80	121	south africa	BVIC	648.0	338.7309523809524
0.0	0.0	0.0	1.0	0.9999999999999998	0.999999999740808	0.9999999998522168	75	121	serbia	AH1N12009	250.0	3397.0
0.0	0.0	0.0	1.0	1.0	0.999999999777157	0.9999999998521439	62	121	serbia	AH3	252.0	2326.0
0.0	0.0	0.0	1.0	1.0	0.9999999944492483	0.9999999983944445	42	121	serbia	BVIC	76.0	514.0
0.0	0.0	0.0	1.0	1.0	0.9999999961826578	0.9999999996842105	19	121	serbia	BYAM	50.0	706.0
0.0	0.0	0.0	1.0	0.9999999999999999	0.9999999988775937	0.9999999992006834	69	121	cameroon	AH1N12009	258.0	843.0
0.0	0.0	0.0	1.0	1.0	0.9999999989766147	0.9999999996363637	92	121	cameroon	AH3	262.0	1227.0
0.0	0.0	0.0	1.0	1.0	0.9999999664115472	0.9999999878860761	25	121	cameroon	BVIC	123.0	34.5
0.0	0.0	0.0	1.0	1.0	0.9999999762790118	0.9999999945135135	27	121	cameroon	BYAM	45.0	96.5
0.0	0.0	0.0	1.0	1.0	0.9999999992230159	0.9999999991999999	14	121	venezuela	AH3	10.0	865.0
							0	121	venezuela	BYAM	0.0	43.5
							0	121	venezuela	BVIC	10.0	6.5
0.0	0.0	0.0	1.0	1.0	0.9999999994905181	0.9999999997297297	34	121	venezuela	AH1N12009	59.0	1399.0
0.0	0.0	0.0	1.0	1.0	0.9999999796230421	0.9999999903333334	41	121	suriname	BVIC	26.0	26.0
0.0	0.0	0.0	1.0	1.0	0.9999999983243054	0.9999999989999999	41	121	suriname	AH1N12009	35.0	259.0
0.0	0.0	0.0	1.0	0.9999999999999999	0.9999999985402492	0.9999999989999999	46	121	suriname	AH3	55.0	87.0
0.0	0.0	0.0	1.0	1.0	0.999999993721079	0.9999999956135743	12	121	suriname	BYAM	20.0	15.0
0.0	0.0	0.0	1.0	1.0	0.999999999129712	0.9999999991022727	14	121	somalia	AH1N12009	22.0	220.0
0.0	0.0	0.0	1.0		0.9999999998666667	0.9999999998666667	7	121	aruba	AH1N12009	2.0	318.0
							0	121	aruba	AH3	1.0	0.0
0.0	0.0	0.0	1.0	1.0	0.9999999992531138	0.9999999995	77	121	luxembourg	AH1N12009	505.0	1428.0
0.0	0.0	0.0	1.0	1.0	0.9999999990631436	0.9999999993175515	88	121	luxembourg	AH3	611.0	1299.0
0.0	0.0	0.0	1.0	1.0	0.9999999970842907	0.9999999993614775	67	121	luxembourg	BVIC	358.0	8641.459595959595
0.0	0.0	0.0	1.0	1.0	0.9999999885054187	0.9999999994193548	31	121	luxembourg	BYAM	29.0	541.540404040404
0.0	0.0	0.0	1.0	1.0	0.99999999914463	0.9999999996842105	59	121	nicaragua	AH3	513.0	2043.0
0.0	0.0	0.0	1.0	1.0	0.9999999995149417	0.9999999997848177	53	121	nicaragua	AH1N12009	227.0	2270.0
0.0	0.0	0.0	1.0	1.0	0.9999999983793362	0.999999999301802	31	121	nicaragua	BYAM	49.90213903743316	605.688260758849
0.0	0.0	0.0	1.0	0.9999999999999999	0.9999999958534291	0.999999999212303	67	121	nicaragua	BVIC	277.0978609625668	1207.311739241151
0.0	0.0	0.0	1.0	1.0	0.9999999996701024	0.9999999998409443	98	121	slovenia	AH3	464.0	5014.0
0.0	0.0	0.0	1.0	1.0	0.9999999997149356	0.9999999998987138	75	121	slovenia	AH1N12009	214.0	4604.0
0.0	0.0	0.0	1.0	0.9999999999999999	0.9999999938405407	0.9999999996133333	75	121	slovenia	BVIC	102.0	3101.4
0.0	0.0	0.0	1.0	1.0	0.999999999351109	0.9999999999489798	30	121	slovenia	BYAM	54.0	3085.6
0.0	0.0	0.0	1.0	1.0	0.9999999992236869	0.9999999990971918	26	121	haiti	BYAM	50.0	101.5
0.0	0.0	0.0	1.0	1.0	0.9999999994914318	0.9999999995	29	121	haiti	AH1N12009	63.0	906.0
0.0	0.0	0.0	1.0	0.9999999999999999	0.9999999995655087	0.9999999996923077	41	121	haiti	AH3	93.0	1110.0
0.0	0.0	0.0	1.0	1.0	0.9999999836778932	0.9999999989999999	39	121	haiti	BVIC	105.0	210.5
0.0	0.0	0.0	1.0	1.0	0.9999999994824196	0.9999999995350223	107	121	bangladesh	AH3	1006.0	4950.0
0.0	0.0	0.0	1.0	0.9999999999999999	0.9999999849094551	0.9999999852430558	14	121	bangladesh	BVIC	438.0	7.50719512195122
0.0	0.0	0.0	1.0	0.9999999999999999	0.9999999989881931	0.9999999994590163	47	121	bangladesh	BYAM	194.0	603.4928048780488
0.0	0.0	0.0	1.0	0.9999999999999999	0.9999999995801322	0.9999999996849861	86	121	bangladesh	AH1N12009	802.0	3359.0
							0	121	bangladesh	AOTHER_SUBTYPE	0.0	8.0
0.0	0.0	0.0	1.0	1.0	0.9999999995487014	0.9999999998295455	57	121	armenia	AH1N12009	92.0	1899.0
0.0	0.0	0.0	1.0	1.0	0.9999999997500156	0.9999999997860627	10	121	armenia	BYAM	29.0	208.5
0.0	0.0	0.0	1.0	1.0	0.9999999991431501	0.9999999995267489	32	121	armenia	AH3	113.0	768.0
0.0	0.0	0.0	1.0	1.0	0.9999999885067685	0.9999999987376623	21	121	armenia	BVIC	16.0	148.5
0.0	0.0	0.0	1.0	1.0	0.9999999991831096	0.9999999993398533	22	121	cyprus	AH1N12009	81.0	146.0
0.0	0.0	0.0	1.0	1.0	0.9999999988163938	0.9999999988333332	26	121	cyprus	AH3	76.0	134.0
0.0	0.0	0.0	1.0	1.0	0.9999999991214439	0.999999999151515	7	121	cyprus	BYAM	19.0	125.0
0.0	0.0	0.0	1.0	0.9999999999999998	0.9999999974166666	0.999999997	6	121	cyprus	BVIC	42.0	17.0
